,GENENAME,ORG,ENTREZID,REFSEQ,LOG2FC,True_EID
0,ABC_transporter,PA,879411,NP_248876,-0.038469493,15595384
1,ABC_transporter,PA,883108,NP_248894,-0.207717935,15595400
2,ABC_transporter,PA,878380,NP_249014,-0.187309066,15595520
3,ABC_transporter,PA,880771,NP_249293,0.085172888,15595799
4,ABC_transporter,PA,879023,NP_249295,0.038833821,15595801
5,ABC_transporter,PA,879321,NP_250033,0.224284051,15596539
6,ABC_transporter,PA,880658,NP_250501,0.007856056,15597007
7,ABC_transporter,PA,878515,NP_250748,0.048694384,15597254
8,ABC_transporter,PA,877884,NP_250894,-0.101873641,15597400
9,ABC_transporter,PA,878805,NP_252578,-0.020607108,15599084
10,ABC_transporter,PA,880469,NP_252884,-0.291695098,15599390
11,ABC_transporter,PA,881067,NP_253186,0.034090573,15599692
12,ABC_transporter,PA,881082,NP_253187,-0.229347601,15599693
13,ABC_transporter,PA,881062,NP_253190,0.175296926,15599696
14,ABC_transporter,PA,881096,NP_253192,-0.014762193,15599698
15,ABC_transporter,PA,878522,NP_253600,0.059624801,15600106
16,ABC_transporter,PA,879765,NP_253763,-0.060841748,15600269
17,ABC_transporter,PA,880087,NP_253769,0.008900125,15600275
18,ABC_transporter,PA,879515,NP_253783,-0.024953277,15600289
19,ABC_transporter,PA,878396,NP_248763,-0.10293278,15595271
20,ABC_transporter,PA,879471,NP_248826,0.298966987,15595334
21,ABC_transporter,PA,882170,NP_248874,-0.003602468,15595382
22,ABC_transporter,PA,880297,NP_249017,-0.060973334,15595523
23,ABC_transporter,PA,880619,NP_249294,0.06901323,15595800
24,ABC_transporter,PA,879352,NP_250077,-0.050249108,15596583
25,ABC_transporter,PA,881746,NP_250116,-0.085248346,15596622
26,ABC_transporter,PA,878351,NP_250498,0.003718949,15597004
27,ABC_transporter,PA,877832,NP_250751,-0.038839083,15597257
28,ABC_transporter,PA,877955,NP_250984,-0.206215131,15597490
29,ABC_transporter,PA,879423,NP_250998,0.275357959,15597504
30,ABC_transporter,PA,883116,NP_251019,0.086056163,15597525
31,ABC_transporter,PA,879637,NP_251098,0.172422386,15597604
32,ABC_transporter,PA,880277,NP_251502,-0.179267111,15598008
33,ABC_transporter,PA,880445,NP_251547,0.130542552,15598053
34,ABC_transporter,PA,882592,NP_251602,-0.049916869,15598108
35,ABC_transporter,PA,878861,NP_251709,0.072257577,15598215
36,ABC_transporter,PA,880539,NP_251877,-0.163995647,300651932
37,ABC_transporter,PA,882551,NP_251902,-0.029144279,15598408
38,ABC_transporter,PA,882417,NP_251944,-0.048960114,15598450
39,ABC_transporter,PA,879947,NP_252065,-0.092304993,15598571
40,ABC_transporter,PA,879616,NP_252137,0.046428638,81857081
41,ABC_transporter,PA,879967,NP_252204,-0.27424162,15598710
42,ABC_transporter,PA,879008,NP_252228,-0.056465217,15598734
43,ABC_transporter,PA,880590,NP_252362,-0.040999534,15598868
44,ABC_transporter,PA,879859,NP_252527,0.006645677,15599033
45,ABC_transporter,PA,878813,NP_252580,-0.119039195,15599086
46,ABC_transporter,PA,879032,NP_252726,-0.168747373,15599232
47,ABC_transporter,PA,878673,NP_252753,-0.155293677,15599259
48,ABC_transporter,PA,880274,NP_252881,-0.078732607,15599387
49,ABC_transporter,PA,880073,NP_252912,0.207688767,15599418
50,ABC_transporter,PA,880074,NP_252913,0.0202435,15599419
51,ABC_transporter,PA,881000,NP_253146,0.068865464,15599652
52,ABC_transporter,PA,881018,NP_253151,-0.210259195,15599657
53,ABC_transporter,PA,881158,NP_253195,0.098168493,218280368
54,ABC_transporter,PA,881053,NP_253284,-0.037417633,15599790
55,ABC_transporter,PA,881059,NP_253285,0.145568472,15599791
56,ABC_transporter,PA,877937,NP_253548,0.112499631,15600054
57,ABC_transporter,PA,877938,NP_253549,-0.00462301,15600055
58,ABC_transporter,PA,879735,NP_253596,-0.038466487,15600102
59,ABC_transporter,PA,878157,NP_253597,-0.291093419,15600103
60,ABC_transporter,PA,881153,NP_253761,-0.202791652,15600267
61,ABC_transporter,PA,878341,NP_253781,-0.093479097,15600287
62,ABC_transporter,PA,879975,NP_253839,-0.104607064,15600345
63,ABC_transporter,PA,880736,NP_253939,-0.062233697,15600445
64,ABC_transporter,PA,880284,NP_254063,0.006646434,15600569
65,ABC_transporter,PA,877864,NP_254190,0.083596236,81856907
66,ABC_transporter,PA,882151,NP_249551,-0.011296025,15596057
67,ABC_transporter,PA,882144,NP_249804,-0.041608034,15596310
68,ABC_transporter,PA,882231,NP_250567,0.440914214,15597073
69,ABC_transporter,PA,882399,NP_251918,0.008373162,15598424
70,ABC_transporter,PA,880797,NP_253918,0.156942198,15600424
71,ABC_transporter,PA,879286,NP_248827,0.095018684,15595335
72,ABC_transporter,PA,879399,NP_248828,0.136221723,15595336
73,ABC_transporter,PA,879256,NP_248875,0.197725507,15595383
74,ABC_transporter,PA,878513,NP_248895,-0.039300507,15595401
75,ABC_transporter,PA,879480,NP_248896,0.052360764,15595402
76,ABC_transporter,PA,879407,NP_249015,-0.094219886,15595521
77,ABC_transporter,PA,879238,NP_249016,-0.10548077,15595522
78,ABC_transporter,PA,878376,NP_249296,-0.173374196,15595802
79,ABC_transporter,PA,880768,NP_249297,-0.250715637,15595803
80,ABC_transporter,PA,881324,NP_249949,-0.147457611,15596455
81,ABC_transporter,PA,881977,NP_250499,-0.151350897,15597005
82,ABC_transporter,PA,878361,NP_250500,-0.149042068,15597006
83,ABC_transporter,PA,877721,NP_250749,-0.101466366,15597255
84,ABC_transporter,PA,877849,NP_250750,0.026763792,15597256
85,ABC_transporter,PA,879766,NP_250985,-0.118960796,15597491
86,ABC_transporter,PA,880804,NP_250997,0.118910855,15597503
87,ABC_transporter,PA,883075,NP_251017,0.232079245,15597523
88,ABC_transporter,PA,881932,NP_251041,-0.092444902,15597547
89,ABC_transporter,PA,879638,NP_251099,0.037849525,15597605
90,ABC_transporter,PA,882387,NP_251368,-0.202641234,15597874
91,ABC_transporter,PA,880412,NP_251501,-0.114115307,15598007
92,ABC_transporter,PA,882646,NP_251604,-0.002871231,15598110
93,ABC_transporter,PA,882550,NP_251901,-0.107992352,15598407
94,ABC_transporter,PA,882415,NP_251942,-0.391800078,15598448
95,ABC_transporter,PA,882416,NP_251943,-0.122139049,15598449
96,ABC_transporter,PA,882481,NP_252006,0.078642763,15598512
97,ABC_transporter,PA,879101,NP_252133,-0.10693408,15598639
98,ABC_transporter,PA,879113,NP_252138,0.074897538,15598644
99,ABC_transporter,PA,879161,NP_252202,-0.001624764,15598708
100,ABC_transporter,PA,879769,NP_252361,-0.030020981,15598867
101,ABC_transporter,PA,879812,NP_252526,-0.030809008,15599032
102,ABC_transporter,PA,878804,NP_252577,-0.034665272,15599083
103,ABC_transporter,PA,878812,NP_252579,-0.003820885,15599085
104,ABC_transporter,PA,880355,NP_252882,-0.355759141,15599388
105,ABC_transporter,PA,880356,NP_252883,-0.07980889,15599389
106,ABC_transporter,PA,881008,NP_253145,0.044815052,15599651
107,ABC_transporter,PA,881080,NP_253193,0.109725601,15599699
108,ABC_transporter,PA,881081,NP_253194,-0.029768218,300587309
109,ABC_transporter,PA,881052,NP_253283,0.068903931,15599789
110,ABC_transporter,PA,881537,NP_253395,-0.040166612,15599901
111,ABC_transporter,PA,880868,NP_253546,0.096778642,554753018
112,ABC_transporter,PA,880869,NP_253547,0.091985517,15600053
113,ABC_transporter,PA,879764,NP_253762,-0.103815615,300562301
114,ABC_transporter,PA,879514,NP_253782,0.188518602,218329956
115,ABC_transporter,PA,879970,NP_253841,0.002117768,300562303
116,ABC_transporter,PA,880796,NP_253917,0.070717974,15600423
117,ABC_transporter,PA,878443,NP_254064,-0.006774554,15600570
118,cytochrome,PA,882109,NP_250547,-0.046220105,15597053
119,cytochrome,PA,880051,NP_252822,-0.127532153,15599328
120,cytochrome,PA,877792,NP_254178,-0.002603548,15600684
121,cytochrome,PA,880944,NP_253120,0.025740609,15599626
122,cytochrome,PA,878803,NP_249609,0.106819428,15596115
123,cytochrome,PA,881945,NP_250291,-0.088947286,15596797
124,cytochrome,PA,879571,NP_250956,-0.082607976,15597462
125,cytochrome,PA,879889,NP_251172,-0.083749028,15597678
126,cytochrome,PA,880955,NP_253261,0.359036124,15599767
127,cytochrome,PA,881146,NP_253309,-0.242822372,15599815
128,cytochrome,PA,882009,NP_248797,-0.120742975,15595305
129,cytochrome,PA,882206,NP_249212,-0.076256746,15595718
130,cytochrome,PA,881210,NP_253119,0.214947367,15599625
131,cytochrome,PA,879833,NP_251165,0.104974271,15597671
132,cytochrome,PA,882496,NP_252021,-0.102422275,15598527
133,cytochrome,PA,878251,NP_254015,-0.08586034,15600521
134,DNA_polymerase,PA,882393,NP_251922,-0.129905413,15598428
135,DNA_polymerase,PA,880686,NP_249360,-0.004573471,308154503
136,efflux_transporter,PA,882687,NP_251600,-0.178787107,52783530
137,efflux_transporter,PA,878839,NP_250709,0.229515684,15597215
138,efflux_transporter,PA,878882,NP_250708,0.048421814,15597214
139,efflux_transporter,PA,881377,NP_253065,-0.413009141,15599571
140,efflux_transporter,PA,880556,NP_253981,0.15392307,15600487
141,efflux_transporter,PA,881203,NP_249929,-0.003427041,15596435
142,efflux_transporter,PA,883069,NP_250231,-0.01107986,227479379
143,efflux_transporter,PA,881184,NP_249928,-0.175375464,15596434
144,efflux_transporter,PA,881258,NP_253709,-0.218333179,15600215
145,efflux_transporter,PA,877919,NP_254205,0.121130656,15600711
146,efflux_transporter,PA,882149,NP_248846,0.124362774,15595354
147,efflux_transporter,PA,882134,NP_248847,0.115310161,15595355
148,efflux_transporter,PA,881806,NP_250126,-0.164462928,300574701
149,efflux_transporter,PA,882937,NP_251218,-0.330168612,15597724
150,efflux_transporter,PA,879790,NP_252213,-0.147007807,15598719
151,efflux_transporter,PA,879603,NP_252367,0.103089223,15598873
152,efflux_transporter,PA,881374,NP_253064,0.032532193,15599570
153,efflux_transporter,PA,882140,NP_248848,0.088564656,15595356
154,efflux_transporter,PA,881815,NP_250127,-0.175552088,15596633
155,efflux_transporter,PA,882888,NP_251216,-0.156606985,15597722
156,efflux_transporter,PA,882889,NP_251217,-0.183097682,218310075
157,efflux_transporter,PA,878906,NP_252212,-0.132296101,15598718
158,efflux_transporter,PA,879602,NP_252366,-0.006230279,15598872
159,electron_transfer,PA,882142,NP_254087,-0.021877344,554753024
160,electron_transfer,PA,880159,NP_251643,0.018347891,300593129
161,electron_transfer,PA,879985,NP_252179,-0.032290488,18203007
162,electron_transfer,PA,879986,NP_252180,0.060032921,17369007
163,electron_transfer,PA,879869,NP_252181,-0.128151568,17369004
164,electron_transfer,PA,879870,NP_252182,-0.099251828,17369002
165,electron_transfer,PA,879980,NP_252184,0.089552514,17368997
166,electron_transfer,PA,879979,NP_252183,0.085568598,17369000
167,flagellar_motility,PA,880874,NP_249794,-0.204454811,15596300
168,flagellar_motility,PA,882517,NP_252040,-0.030338066,15598546
169,flagellar_motility,PA,881856,NP_250133,-0.072224726,15596639
170,flagellar_motility,PA,879662,NP_253920,-0.071983785,15600426
171,flagellar_motility,PA,881896,NP_249786,0.213116239,15596292
172,NADH_NADPH,PA,882736,NP_251778,-0.001136865,15598284
173,NADH_NADPH,PA,882135,NP_249434,0.017543141,81622542
174,NADH_NADPH,PA,879925,NP_252161,-0.07755504,81783645
175,NADH_NADPH,PA,879981,NP_249816,0.026132398,38258248
176,NADH_NADPH,PA,879533,NP_249888,0.064074575,38258247
177,NADH_NADPH,PA,879344,NP_249915,-0.033495321,15596421
178,NADH_NADPH,PA,879501,NP_249916,-0.000380085,15596422
179,NADH_NADPH,PA,880914,NP_253662,0.014372551,15600168
180,NADH_NADPH,PA,882133,NP_249895,0.090753439,81541544
181,NADH_NADPH,PA,879615,NP_252136,-0.089981394,15598642
182,NADH_NADPH,PA,880282,NP_250514,0.05453518,15597020
183,NADH_NADPH,PA,881501,NP_250574,-0.104727368,81783760
184,RNA_polymerase,PA,880895,NP_249163,0.009697612,15595669
185,RNA_polymerase,PA,877867,NP_250740,0.070047704,15597246
186,RNA_polymerase,PA,877960,NP_250783,-0.1310908,15597289
187,RNA_polymerase,PA,882789,NP_251586,-0.025949132,15598092
188,RNA_polymerase,PA,878896,NP_252588,-0.135939539,15599094
189,RNA_polymerase,PA,878636,NP_253583,-0.248446076,15600089
190,RNA_polymerase,PA,882473,NP_251998,-0.057712866,41017802
191,ABC_transporter,EC,947729,NP_417662,-0.111490897,999848937
192,ABC_transporter,EC,947954,NP_417658,-0.080101454,999848940
193,ABC_transporter,EC,947732,NP_417661,-0.180997353,999848938
194,ABC_transporter,EC,945582,NP_416848,0.079973476,999849727
195,ABC_transporter,EC,947710,NP_417659,0.004128476,999848939
196,cytochrome,EC,947241,NP_415935,0.107564247,999850623
197,cytochrome,EC,946491,NP_416483,0.031598856,999850084
198,cytochrome,EC,945585,NP_415497,-0.052543164,999851051
199,cytochrome,EC,947547,NP_415498,-0.124635083,999851050
200,cytochrome,EC,947098,NP_417102,0.051717536,999851450
201,cytochrome,EC,946709,NP_416702,0.06311348,999849874
202,cytochrome,EC,1450246,YP_588444,0.130993195,999851277
203,cytochrome,EC,945341,NP_415261,-0.002179272,999851279
204,cytochrome,EC,945347,NP_415262,0.042342407,999851278
205,cytochrome,EC,945615,NP_414965,0.072019731,999847358
206,cytochrome,EC,945080,NP_414966,-0.107676367,999847357
207,cytochrome,EC,946897,NP_414964,-0.030997593,999847359
208,cytochrome,EC,944918,NP_414963,0.126189605,999847360
209,DNA_polymerase,EC,944779,NP_414602,-0.043669939,999847711
210,DNA_polymerase,EC,944877,NP_414726,-0.049982858,999847592
211,DNA_polymerase,EC,946441,NP_414751,-0.083578389,16128202
212,DNA_polymerase,EC,948218,NP_418156,-0.000255437,999848429
213,DNA_polymerase,EC,948787,NP_418680,-0.078904851,999847914
214,DNA_polymerase,EC,945661,NP_415617,0.022924144,999850934
215,DNA_polymerase,EC,947573,NP_415173,0.030688962,999847152
216,DNA_polymerase,EC,948890,NP_418789,-0.136057974,999847800
217,DNA_polymerase,EC,947471,NP_416356,0.159480257,999850204
218,DNA_polymerase,EC,945105,NP_415003,0.00396347,999847319
219,DNA_polymerase,EC,944922,NP_414766,-0.006128302,999847551
220,efflux_transporter,EC,945365,NP_415283,-0.03748319,999851256
221,efflux_transporter,EC,947559,NP_416160,0.134328172,999850401
222,efflux_transporter,EC,945112,NP_414996,-0.075466742,999847327
223,efflux_transporter,EC,947166,NP_417170,-0.01279957,999849413
224,efflux_transporter,EC,945108,NP_414995,0.073221344,999847328
225,efflux_transporter,EC,945448,NP_415363,-0.024113009,999851180
226,efflux_transporter,EC,947167,NP_417171,-0.055531135,999849412
227,efflux_transporter,EC,947768,NP_417732,-0.060711158,999848867
228,efflux_transporter,EC,948180,NP_418129,0.002876431,999848457
229,efflux_transporter,EC,948219,NP_418166,-0.158348038,999848420
230,efflux_transporter,EC,948861,NP_418757,-0.02311879,999847827
231,efflux_transporter,EC,947333,NP_416116,0.06201301,999850444
232,efflux_transporter,EC,946139,NP_416117,0.265816965,999850443
233,efflux_transporter,EC,945883,YP_025307,0.133215488,999850381
234,efflux_transporter,EC,946604,NP_416578,-0.06660718,999849995
235,efflux_transporter,EC,946606,NP_416579,-0.052074597,999849994
236,efflux_transporter,EC,946608,NP_416580,0.030753492,999849993
237,efflux_transporter,EC,948317,YP_026264,0.019117539,999848325
238,efflux_transporter,EC,945282,NP_417169,0.074457207,999849414
239,electron_transfer,EC,947316,NP_414583,-0.159569162,999847727
240,electron_transfer,EC,948438,NP_414840,0.003969615,999847476
241,electron_transfer,EC,946813,NP_416712,0.040463552,999849865
242,electron_transfer,EC,944980,NP_414841,-0.04771713,999847475
243,electron_transfer,EC,947161,NP_417159,-0.015565933,999849423
244,electron_transfer,EC,945906,NP_414842,0.065085608,999847474
245,electron_transfer,EC,946482,NP_416212,-0.007495079,999850350
246,electron_transfer,EC,945688,NP_416213,-0.035795907,999850349
247,electron_transfer,EC,948939,NP_414584,0.04689624,999847726
248,electron_transfer,EC,947509,NP_416149,0.057085082,999850412
249,flagellar_motility,EC,946446,NP_416447,0.06700154,999850116
250,flagellar_motility,EC,946448,NP_416448,0.058760803,999850115
251,flagellar_motility,EC,946443,NP_416454,0.009659606,999850109
252,flagellar_motility,EC,946458,NP_416457,0.057990283,999850106
253,flagellar_motility,EC,946462,NP_416458,-0.033186682,999850105
254,flagellar_motility,EC,946463,NP_416459,0.102927747,999850104
255,flagellar_motility,EC,945442,NP_416406,-0.071469827,999850154
256,flagellar_motility,EC,947280,NP_416405,-0.094722549,999850155
257,flagellar_motility,EC,945647,NP_415596,-0.193991805,999850955
258,flagellar_motility,EC,945678,NP_415591,0.055655205,999850960
259,flagellar_motility,EC,946687,NP_415592,0.053733726,999850959
260,flagellar_motility,EC,945639,NP_415595,-0.063342855,999850956
261,flagellar_motility,EC,946464,NP_416460,0.125107693,999850103
262,flagellar_motility,EC,946428,NP_416434,0.021963268,999850126
263,flagellar_motility,EC,949101,NP_416433,-0.173058801,999850127
264,flagellar_motility,EC,945813,NP_415593,-0.244335041,999850958
265,flagellar_motility,EC,945636,NP_415594,-0.098805486,999850957
266,flagellar_motility,EC,945646,NP_415601,0.020066912,999850950
267,flagellar_motility,EC,945648,NP_415600,0.081883087,999850951
268,flagellar_motility,EC,946449,NP_416453,0.056573569,999850110
269,flagellar_motility,EC,946451,NP_416449,-0.056602268,999850114
270,flagellar_motility,EC,946442,NP_416455,0.037751287,999850108
271,flagellar_motility,EC,946423,NP_416456,0.025929196,999850107
272,flagellar_motility,EC,946454,NP_416452,-0.02987629,999850111
273,flagellar_motility,EC,946996,NP_415597,0.040239735,999850954
274,flagellar_motility,EC,946429,NP_416435,0.001983013,999850125
275,flagellar_motility,EC,947456,NP_415599,-0.110422852,999850952
276,flagellar_motility,EC,947609,NP_415712,-0.097398533,999850841
277,flagellar_motility,EC,946391,NP_416394,0.043510929,999850166
278,flagellar_motility,EC,946457,NP_416451,-0.088858528,999850112
279,flagellar_motility,EC,946402,NP_416403,0.042973758,999850157
280,flagellar_motility,EC,947564,NP_416404,0.125802848,999850156
281,flagellar_motility,EC,946094,NP_416392,-0.198836863,999850168
282,flagellar_motility,EC,946776,NP_416824,-0.064226866,999849750
283,flagellar_motility,EC,947534,NP_415598,-0.10630161,999850953
284,flagellar_motility,EC,946390,NP_416393,-0.080369697,999850167
285,flagellar_motility,EC,946433,NP_416436,-0.00055602,999850124
286,NADH_NADPH,EC,947092,NP_417105,-0.072903436,999849470
287,NADH_NADPH,EC,946946,NP_416254,-0.118281845,999850308
288,NADH_NADPH,EC,947263,NP_415524,0.062965065,999851023
289,NADH_NADPH,EC,948731,NP_418632,-0.08307493,999847959
290,NADH_NADPH,EC,945947,NP_415457,-0.184467828,999851087
291,NADH_NADPH,EC,948325,NP_418286,-0.070915404,999848306
292,NADH_NADPH,EC,947788,NP_417748,-0.06021272,999848850
293,NADH_NADPH,EC,948498,YP_026280,-0.011883792,999848169
294,NADH_NADPH,EC,947088,NP_417191,0.01464189,999849391
295,NADH_NADPH,EC,946738,NP_416790,0.107228442,999849784
296,NADH_NADPH,EC,946746,NP_416788,-0.150380724,999849786
297,NADH_NADPH,EC,946753,NP_416787,-0.268466546,999849787
298,NADH_NADPH,EC,946762,NP_416786,-0.118574058,999849788
299,NADH_NADPH,EC,946757,NP_416784,0.011352469,999849790
300,NADH_NADPH,EC,946759,NP_416789,-0.047028796,999849785
301,NADH_NADPH,EC,946764,NP_416791,0.012254647,999849783
302,NADH_NADPH,EC,946761,NP_416785,0.028759825,999849789
303,NADH_NADPH,EC,946756,NP_416783,0.013701712,999849791
304,NADH_NADPH,EC,947580,NP_416782,-0.112357875,999849792
305,NADH_NADPH,EC,945540,NP_416781,0.145074421,999849793
306,NADH_NADPH,EC,947731,NP_416780,0.294995183,999849794
307,NADH_NADPH,EC,945136,NP_416779,0.03000018,999849795
308,NADH_NADPH,EC,947569,NP_415930,-0.093937951,999850629
309,NADH_NADPH,EC,946085,NP_416057,-0.001827085,999850502
310,NADH_NADPH,EC,947512,NP_417500,-0.066046311,999849090
311,RNA_polymerase,EC,948523,NP_414601,-0.041503885,999847712
312,RNA_polymerase,EC,947050,NP_417068,-0.046633149,999849505
313,RNA_polymerase,EC,946839,NP_418713,-0.048480732,999847883
314,RNA_polymerase,EC,947794,NP_417754,-0.184806066,999848844
315,RNA_polymerase,EC,948487,NP_418415,-0.054258267,999848178
316,RNA_polymerase,EC,948488,NP_418414,-0.10432167,999848179
317,RNA_polymerase,EC,948160,NP_418106,-0.150947098,999848485
318,RNA_polymerase,EC,948824,NP_416432,-0.00801691,999850128
319,RNA_polymerase,EC,947970,NP_417918,-0.078268009,999848683
320,RNA_polymerase,EC,947714,NP_417669,-0.065290559,999848930
321,RNA_polymerase,EC,947567,NP_417539,0.018405745,999849051
322,RNA_polymerase,EC,947210,NP_417221,0.077782724,985001577
323,ABC_transporter,BS,936293,NP_388885,-0.407302823,728883893
324,ABC_transporter,BS,936175,NP_388712,0.482852918,728883726
325,ABC_transporter,BS,936641,NP_390923,1.161531196,728885971
326,ABC_transporter,BS,937245,NP_390920,1.100052577,728885968
327,ABC_transporter,BS,937596,NP_391843,-0.117114121,728886886
328,ABC_transporter,BS,939298,NP_388886,-0.457373839,728883894
329,ABC_transporter,BS,938178,NP_390915,-0.235390623,728885964
330,ABC_transporter,BS,939210,NP_388713,0.267696753,728883727
331,ABC_transporter,BS,939705,NP_388714,0.450742327,728883728
332,ABC_transporter,BS,936088,NP_388592,0.6414561,728883607
333,ABC_transporter,BS,938767,NP_388593,0.440579692,728883608
334,ABC_transporter,BS,937589,NP_391842,-0.186173754,728886885
335,ABC_transporter,BS,937743,NP_391895,1.048548772,728886939
336,ABC_transporter,BS,936438,NP_390921,1.059661544,728885969
337,ABC_transporter,BS,937243,NP_390922,1.145709916,728885970
338,cytochrome,BS,939909,NP_389376,-0.453948916,728884401
339,cytochrome,BS,937303,NP_391695,-0.399232126,728886735
340,cytochrome,BS,937295,NP_391696,-0.233642967,255767807
341,cytochrome,BS,937299,NP_391694,-0.473772308,728886734
342,cytochrome,BS,937285,NP_391693,-0.389540243,728886733
343,cytochrome,BS,937406,NP_391755,-0.96182853,728886797
344,cytochrome,BS,937412,NP_391754,-1.189206563,728886796
345,cytochrome,BS,937902,NP_390398,-0.167293466,728885444
346,cytochrome,BS,936703,NP_391407,-0.576539098,728886445
347,cytochrome,BS,936898,NP_389373,-0.431886302,728884398
348,cytochrome,BS,936789,NP_389372,-0.276396094,728884397
349,cytochrome,BS,935993,NP_389374,-0.459278375,728884399
350,cytochrome,BS,936259,NP_389375,-0.425437275,728884400
351,cytochrome,BS,937140,NP_389676,-0.150832442,728884707
352,cytochrome,BS,937623,NP_390551,-0.417548021,728885604
353,cytochrome,BS,937585,NP_390594,-0.308715096,728885645
354,cytochrome,BS,936452,NP_389103,0.116968115,728884114
355,cytochrome,BS,935928,NP_390897,0.973702804,728887148
356,cytochrome,BS,940046,NP_389605,-0.363673248,1018192179
357,DNA_polymerase,BS,937833,NP_390434,-0.023468105,728885481
358,DNA_polymerase,BS,936617,NP_390787,-0.46631395,728885841
359,DNA_polymerase,BS,939620,NP_389540,-0.245998109,728884566
360,DNA_polymerase,BS,936593,NP_390801,-0.44552924,728885854
361,DNA_polymerase,BS,939970,NP_387883,-0.578608595,728882889
362,DNA_polymerase,BS,935949,NP_387912,0.061081131,728882918
363,DNA_polymerase,BS,936899,NP_387900,0.268547746,728882906
364,DNA_polymerase,BS,939437,NP_389916,-0.479213954,728884958
365,DNA_polymerase,BS,937426,NP_390737,-0.386862021,728885791
366,efflux_transporter,BS,936278,NP_388852,1.374731988,728883860
367,efflux_transporter,BS,939287,NP_388853,1.274584486,728883861
368,efflux_transporter,BS,937161,NP_391650,-0.056923471,728886690
369,efflux_transporter,BS,939689,NP_388667,-0.058287173,728883680
370,efflux_transporter,BS,936559,NP_391362,0.121216058,728886402
371,efflux_transporter,BS,937646,NP_390536,-0.094307795,728885588
372,efflux_transporter,BS,938862,NP_391043,0.215695499,728886092
373,electron_transfer,BS,936520,NP_390730,-0.107332425,728885784
374,electron_transfer,BS,937962,NP_390731,-0.228190262,728885785
375,flagellar_motility,BS,936720,NP_391413,0.520732651,728886452
376,flagellar_motility,BS,936718,NP_391412,0.559845136,728886451
377,flagellar_motility,BS,939470,NP_389502,-0.222380515,728887098
378,flagellar_motility,BS,937103,NP_389512,0.073617678,728884538
379,flagellar_motility,BS,936927,NP_391521,0.750265728,728886558
380,flagellar_motility,BS,936677,NP_389503,-0.226357938,16078684
381,flagellar_motility,BS,938149,NP_389500,-0.259367051,728884527
382,flagellar_motility,BS,938646,NP_389501,-0.153022886,728884528
383,flagellar_motility,BS,938124,NP_389505,-0.22877392,255767365
384,flagellar_motility,BS,936501,NP_389510,0.054520843,728884535
385,flagellar_motility,BS,936497,NP_389511,0.139712911,728884536
386,flagellar_motility,BS,936728,NP_391414,0.591499442,728886453
387,flagellar_motility,BS,936913,NP_391520,0.708207404,728886557
388,flagellar_motility,BS,936736,NP_391421,0.805031189,728886460
389,flagellar_motility,BS,936738,NP_391420,0.631224908,728886459
390,flagellar_motility,BS,937494,NP_389509,-0.012436139,728884534
391,flagellar_motility,BS,937577,NP_389504,-0.260297503,728884530
392,flagellar_motility,BS,939518,NP_389513,0.16708602,728884539
393,flagellar_motility,BS,936421,NP_389514,0.158138425,728884540
394,flagellar_motility,BS,8303013,YP_003097728,0.092924121,728884537
395,flagellar_motility,BS,936796,NP_389516,0.072231121,728884542
396,flagellar_motility,BS,940137,NP_389507,-0.462093157,728884532
397,flagellar_motility,BS,940136,NP_389506,-0.166890877,728884531
398,flagellar_motility,BS,936742,NP_391416,1.227455146,728886455
399,NADH_NADPH,BS,937408,NP_391751,-1.153142051,728886793
400,NADH_NADPH,BS,939189,NP_388664,0.20903417,728883677
401,NADH_NADPH,BS,937045,NP_391586,0.464250487,16080758
402,NADH_NADPH,BS,938071,NP_390866,-0.268218611,728885920
403,NADH_NADPH,BS,939832,NP_389111,0.602918777,728884123
404,NADH_NADPH,BS,936142,NP_391234,-0.046512793,728886277
405,NADH_NADPH,BS,939734,NP_388783,0.227744756,728883795
406,NADH_NADPH,BS,937164,NP_391015,-0.020081305,728886065
407,NADH_NADPH,BS,938844,NP_391014,0.05975898,728886064
408,NADH_NADPH,BS,938695,NP_390267,-0.135671684,728885311
409,NADH_NADPH,BS,937378,NP_390800,-0.521961779,728885853
410,NADH_NADPH,BS,939296,NP_389258,-1.072716029,728884277
411,NADH_NADPH,BS,938714,NP_390243,-0.632675673,728885287
412,NADH_NADPH,BS,938698,NP_390263,0.91219281,728885307
413,NADH_NADPH,BS,938989,NP_390164,0.147570802,728885208
414,NADH_NADPH,BS,938267,NP_388268,1.057928996,728883272
415,RNA_polymerase,BS,938921,NP_388024,0.635671449,728883032
416,RNA_polymerase,BS,936335,NP_387988,0.045780765,728882996
417,RNA_polymerase,BS,935977,NP_387989,0.035470753,728882997
418,RNA_polymerase,BS,937046,NP_391597,-0.066535881,728886635
419,RNA_polymerase,BS,936267,NP_388833,-0.231701682,728883844
420,RNA_polymerase,BS,937400,NP_391749,-0.405919281,728886791
421,RNA_polymerase,BS,937591,NP_390590,-0.264659914,728885641
422,RNA_polymerase,BS,937617,NP_390561,-0.056980031,728885614
423,RNA_polymerase,BS,938966,NP_390191,0.178482131,728885236
424,RNA_polymerase,BS,938868,NP_388054,0.84186141,728883063
425,RNA_polymerase,BS,935973,NP_389356,-0.0215284,728887093
426,RNA_polymerase,BS,936851,NP_387982,-0.440896026,728882990
427,RNA_polymerase,BS,937897,NP_390399,0.116966357,728885445
428,RNA_polymerase,BS,939363,NP_389228,-0.814164324,728884246
429,RNA_polymerase,BS,938482,NP_389529,0.489554991,728884555
430,RNA_polymerase,BS,936150,NP_387979,0.145944867,728882987
431,RNA_polymerase,BS,939937,NP_388354,-0.055848114,728883360
432,RNA_polymerase,BS,936362,NP_391300,-0.140628928,728886343
433,RNA_polymerase,BS,938729,NP_390226,-0.528350312,728885268
434,RNA_polymerase,BS,939953,NP_389416,0.303125347,728884442
435,RNA_polymerase,BS,939683,NP_389415,-0.083972026,728884441
