GENENAME,ORG,REFSEQ,ENTREZID,LOG2FC
ABC_transporter,PA,NP_248876.1,879411,-0.038469493
ABC_transporter,PA,NP_248894.1,883108,-0.207717935
ABC_transporter,PA,NP_249014.1,878380,-0.187309066
ABC_transporter,PA,NP_249293.1,880771,0.085172888
ABC_transporter,PA,NP_249295.1,879023,0.038833821
ABC_transporter,PA,NP_250033.1,879321,0.224284051
ABC_transporter,PA,NP_250501.1,880658,0.007856056
ABC_transporter,PA,NP_250748.1,878515,0.048694384
ABC_transporter,PA,NP_250894.1,877884,-0.101873641
ABC_transporter,PA,NP_252578.1,878805,-0.020607108
ABC_transporter,PA,NP_252884.1,880469,-0.291695098
ABC_transporter,PA,NP_253186.1,881067,0.034090573
ABC_transporter,PA,NP_253187.1,881082,-0.229347601
ABC_transporter,PA,NP_253190.1,881062,0.175296926
ABC_transporter,PA,NP_253192.1,881096,-0.014762193
ABC_transporter,PA,NP_253600.1,878522,0.059624801
ABC_transporter,PA,NP_253763.1,879765,-0.060841748
ABC_transporter,PA,NP_253769.1,880087,0.008900125
ABC_transporter,PA,NP_253783.1,879515,-0.024953277
ABC_transporter,PA,NP_248763.1,878396,-0.10293278
ABC_transporter,PA,NP_248826.1,879471,0.298966987
ABC_transporter,PA,NP_248874.1,882170,-0.003602468
ABC_transporter,PA,NP_249017.1,880297,-0.060973334
ABC_transporter,PA,NP_249294.1,880619,0.06901323
ABC_transporter,PA,NP_250077.1,879352,-0.050249108
ABC_transporter,PA,NP_250116.1,881746,-0.085248346
ABC_transporter,PA,NP_250498.1,878351,0.003718949
ABC_transporter,PA,NP_250751.1,877832,-0.038839083
ABC_transporter,PA,NP_250984.1,877955,-0.206215131
ABC_transporter,PA,NP_250998.1,879423,0.275357959
ABC_transporter,PA,NP_251019.1,883116,0.086056163
ABC_transporter,PA,NP_251098.1,879637,0.172422386
ABC_transporter,PA,NP_251502.1,880277,-0.179267111
ABC_transporter,PA,NP_251547.1,880445,0.130542552
ABC_transporter,PA,NP_251602.1,882592,-0.049916869
ABC_transporter,PA,NP_251709.1,878861,0.072257577
ABC_transporter,PA,NP_251877.1,880539,-0.163995647
ABC_transporter,PA,NP_251902.1,882551,-0.029144279
ABC_transporter,PA,NP_251944.1,882417,-0.048960114
ABC_transporter,PA,NP_252065.1,879947,-0.092304993
ABC_transporter,PA,NP_252137.1,879616,0.046428638
ABC_transporter,PA,NP_252204.1,879967,-0.27424162
ABC_transporter,PA,NP_252228.1,879008,-0.056465217
ABC_transporter,PA,NP_252362.1,880590,-0.040999534
ABC_transporter,PA,NP_252527.1,879859,0.006645677
ABC_transporter,PA,NP_252580.1,878813,-0.119039195
ABC_transporter,PA,NP_252726.1,879032,-0.168747373
ABC_transporter,PA,NP_252753.1,878673,-0.155293677
ABC_transporter,PA,NP_252881.1,880274,-0.078732607
ABC_transporter,PA,NP_252912.1,880073,0.207688767
ABC_transporter,PA,NP_252913.1,880074,0.0202435
ABC_transporter,PA,NP_253146.1,881000,0.068865464
ABC_transporter,PA,NP_253151.1,881018,-0.210259195
ABC_transporter,PA,NP_253195.1,881158,0.098168493
ABC_transporter,PA,NP_253284.1,881053,-0.037417633
ABC_transporter,PA,NP_253285.1,881059,0.145568472
ABC_transporter,PA,NP_253548.1,877937,0.112499631
ABC_transporter,PA,NP_253549.1,877938,-0.00462301
ABC_transporter,PA,NP_253596.1,879735,-0.038466487
ABC_transporter,PA,NP_253597.1,878157,-0.291093419
ABC_transporter,PA,NP_253761.1,881153,-0.202791652
ABC_transporter,PA,NP_253781.1,878341,-0.093479097
ABC_transporter,PA,NP_253839.1,879975,-0.104607064
ABC_transporter,PA,NP_253939.1,880736,-0.062233697
ABC_transporter,PA,NP_254063.1,880284,0.006646434
ABC_transporter,PA,NP_254190.1,877864,0.083596236
ABC_transporter,PA,NP_249551.1,882151,-0.011296025
ABC_transporter,PA,NP_249804.1,882144,-0.041608034
ABC_transporter,PA,NP_250567.1,882231,0.440914214
ABC_transporter,PA,NP_251918.1,882399,0.008373162
ABC_transporter,PA,NP_253918.1,880797,0.156942198
ABC_transporter,PA,NP_248827.1,879286,0.095018684
ABC_transporter,PA,NP_248828.1,879399,0.136221723
ABC_transporter,PA,NP_248875.1,879256,0.197725507
ABC_transporter,PA,NP_248895.1,878513,-0.039300507
ABC_transporter,PA,NP_248896.1,879480,0.052360764
ABC_transporter,PA,NP_249015.1,879407,-0.094219886
ABC_transporter,PA,NP_249016.1,879238,-0.10548077
ABC_transporter,PA,NP_249296.1,878376,-0.173374196
ABC_transporter,PA,NP_249297.1,880768,-0.250715637
ABC_transporter,PA,NP_249949.1,881324,-0.147457611
ABC_transporter,PA,NP_250499.1,881977,-0.151350897
ABC_transporter,PA,NP_250500.1,878361,-0.149042068
ABC_transporter,PA,NP_250749.1,877721,-0.101466366
ABC_transporter,PA,NP_250750.1,877849,0.026763792
ABC_transporter,PA,NP_250985.1,879766,-0.118960796
ABC_transporter,PA,NP_250997.1,880804,0.118910855
ABC_transporter,PA,NP_251017.1,883075,0.232079245
ABC_transporter,PA,NP_251041.1,881932,-0.092444902
ABC_transporter,PA,NP_251099.1,879638,0.037849525
ABC_transporter,PA,NP_251368.1,882387,-0.202641234
ABC_transporter,PA,NP_251501.1,880412,-0.114115307
ABC_transporter,PA,NP_251604.1,882646,-0.002871231
ABC_transporter,PA,NP_251901.1,882550,-0.107992352
ABC_transporter,PA,NP_251942.1,882415,-0.391800078
ABC_transporter,PA,NP_251943.1,882416,-0.122139049
ABC_transporter,PA,NP_252006.1,882481,0.078642763
ABC_transporter,PA,NP_252133.1,879101,-0.10693408
ABC_transporter,PA,NP_252138.1,879113,0.074897538
ABC_transporter,PA,NP_252202.1,879161,-0.001624764
ABC_transporter,PA,NP_252361.1,879769,-0.030020981
ABC_transporter,PA,NP_252526.1,879812,-0.030809008
ABC_transporter,PA,NP_252577.1,878804,-0.034665272
ABC_transporter,PA,NP_252579.1,878812,-0.003820885
ABC_transporter,PA,NP_252882.1,880355,-0.355759141
ABC_transporter,PA,NP_252883.1,880356,-0.07980889
ABC_transporter,PA,NP_253145.1,881008,0.044815052
ABC_transporter,PA,NP_253193.1,881080,0.109725601
ABC_transporter,PA,NP_253194.1,881081,-0.029768218
ABC_transporter,PA,NP_253283.1,881052,0.068903931
ABC_transporter,PA,NP_253395.1,881537,-0.040166612
ABC_transporter,PA,NP_253546.2,880868,0.096778642
ABC_transporter,PA,NP_253547.1,880869,0.091985517
ABC_transporter,PA,NP_253762.1,879764,-0.103815615
ABC_transporter,PA,NP_253782.1,879514,0.188518602
ABC_transporter,PA,NP_253841.1,879970,0.002117768
ABC_transporter,PA,NP_253917.1,880796,0.070717974
ABC_transporter,PA,NP_254064.1,878443,-0.006774554
cytochrome,PA,NP_250547.1,882109,-0.046220105
cytochrome,PA,NP_252822.1,880051,-0.127532153
cytochrome,PA,NP_254178.1,877792,-0.002603548
cytochrome,PA,NP_253120.1,880944,0.025740609
cytochrome,PA,NP_249609.1,878803,0.106819428
cytochrome,PA,NP_250291.1,881945,-0.088947286
cytochrome,PA,NP_250956.1,879571,-0.082607976
cytochrome,PA,NP_251172.1,879889,-0.083749028
cytochrome,PA,NP_253261.1,880955,0.359036124
cytochrome,PA,NP_253309.1,881146,-0.242822372
cytochrome,PA,NP_248797.1,882009,-0.120742975
cytochrome,PA,NP_249212.1,882206,-0.076256746
cytochrome,PA,NP_253119.1,881210,0.214947367
cytochrome,PA,NP_251165.1,879833,0.104974271
cytochrome,PA,NP_252021.1,882496,-0.102422275
cytochrome,PA,NP_254015.1,878251,-0.08586034
DNA_polymerase,PA,NP_251922.1,882393,-0.129905413
DNA_polymerase,PA,NP_249360.3,880686,-0.004573471
efflux_transporter,PA,NP_251600.1,882687,-0.178787107
efflux_transporter,PA,NP_250709.1,878839,0.229515684
efflux_transporter,PA,NP_250708.1,878882,0.048421814
efflux_transporter,PA,NP_253065.1,881377,-0.413009141
efflux_transporter,PA,NP_253981.1,880556,0.15392307
efflux_transporter,PA,NP_249929.1,881203,-0.003427041
efflux_transporter,PA,NP_250231.1,883069,-0.01107986
efflux_transporter,PA,NP_249928.1,881184,-0.175375464
efflux_transporter,PA,NP_253709.1,881258,-0.218333179
efflux_transporter,PA,NP_254205.1,877919,0.121130656
efflux_transporter,PA,NP_248846.1,882149,0.124362774
efflux_transporter,PA,NP_248847.1,882134,0.115310161
efflux_transporter,PA,NP_250126.1,881806,-0.164462928
efflux_transporter,PA,NP_251218.1,882937,-0.330168612
efflux_transporter,PA,NP_252213.1,879790,-0.147007807
efflux_transporter,PA,NP_252367.1,879603,0.103089223
efflux_transporter,PA,NP_253064.1,881374,0.032532193
efflux_transporter,PA,NP_248848.1,882140,0.088564656
efflux_transporter,PA,NP_250127.1,881815,-0.175552088
efflux_transporter,PA,NP_251216.1,882888,-0.156606985
efflux_transporter,PA,NP_251217.1,882889,-0.183097682
efflux_transporter,PA,NP_252212.1,878906,-0.132296101
efflux_transporter,PA,NP_252366.1,879602,-0.006230279
electron_transfer,PA,NP_254087.2,882142,-0.021877344
electron_transfer,PA,NP_251643.1,880159,0.018347891
electron_transfer,PA,NP_252179.1,879985,-0.032290488
electron_transfer,PA,NP_252180.1,879986,0.060032921
electron_transfer,PA,NP_252181.1,879869,-0.128151568
electron_transfer,PA,NP_252182.1,879870,-0.099251828
electron_transfer,PA,NP_252184.1,879980,0.089552514
electron_transfer,PA,NP_252183.1,879979,0.085568598
flagellar_motility,PA,NP_249794.1,880874,-0.204454811
flagellar_motility,PA,NP_252040.1,882517,-0.030338066
flagellar_motility,PA,NP_250133.1,881856,-0.072224726
flagellar_motility,PA,NP_253920.1,879662,-0.071983785
flagellar_motility,PA,NP_249786.1,881896,0.213116239
NADH_NADPH,PA,NP_251778.1,882736,-0.001136865
NADH_NADPH,PA,NP_249434.1,882135,0.017543141
NADH_NADPH,PA,NP_252161.1,879925,-0.07755504
NADH_NADPH,PA,NP_249816.1,879981,0.026132398
NADH_NADPH,PA,NP_249888.1,879533,0.064074575
NADH_NADPH,PA,NP_249915.1,879344,-0.033495321
NADH_NADPH,PA,NP_249916.1,879501,-0.000380085
NADH_NADPH,PA,NP_253662.1,880914,0.014372551
NADH_NADPH,PA,NP_249895.1,882133,0.090753439
NADH_NADPH,PA,NP_252136.1,879615,-0.089981394
NADH_NADPH,PA,NP_250514.1,880282,0.05453518
NADH_NADPH,PA,NP_250574.1,881501,-0.104727368
RNA_polymerase,PA,NP_249163.1,880895,0.009697612
RNA_polymerase,PA,NP_250740.1,877867,0.070047704
RNA_polymerase,PA,NP_250783.1,877960,-0.1310908
RNA_polymerase,PA,NP_251586.1,882789,-0.025949132
RNA_polymerase,PA,NP_252588.1,878896,-0.135939539
RNA_polymerase,PA,NP_253583.1,878636,-0.248446076
RNA_polymerase,PA,NP_251998.1,882473,-0.057712866
ABC_transporter,EC,NP_417662,947729,-0.111490897
ABC_transporter,EC,NP_417658,947954,-0.080101454
ABC_transporter,EC,NP_417661,947732,-0.180997353
ABC_transporter,EC,NP_416848,945582,0.079973476
ABC_transporter,EC,NP_417659,947710,0.004128476
cytochrome,EC,NP_415935,947241,0.107564247
cytochrome,EC,NP_416483,946491,0.031598856
cytochrome,EC,NP_415497,945585,-0.052543164
cytochrome,EC,NP_415498,947547,-0.124635083
cytochrome,EC,NP_417102,947098,0.051717536
cytochrome,EC,NP_416702,946709,0.06311348
cytochrome,EC,YP_588444,1450246,0.130993195
cytochrome,EC,NP_415261,945341,-0.002179272
cytochrome,EC,NP_415262,945347,0.042342407
cytochrome,EC,NP_414965,945615,0.072019731
cytochrome,EC,NP_414966,945080,-0.107676367
cytochrome,EC,NP_414964,946897,-0.030997593
cytochrome,EC,NP_414963,944918,0.126189605
DNA_polymerase,EC,NP_414602,944779,-0.043669939
DNA_polymerase,EC,NP_414726,944877,-0.049982858
DNA_polymerase,EC,NP_414751,946441,-0.083578389
DNA_polymerase,EC,NP_418156,948218,-0.000255437
DNA_polymerase,EC,NP_418680,948787,-0.078904851
DNA_polymerase,EC,NP_415617,945661,0.022924144
DNA_polymerase,EC,NP_415173,947573,0.030688962
DNA_polymerase,EC,NP_418789,948890,-0.136057974
DNA_polymerase,EC,NP_416356,947471,0.159480257
DNA_polymerase,EC,NP_415003,945105,0.00396347
DNA_polymerase,EC,NP_414766,944922,-0.006128302
efflux_transporter,EC,NP_415283,945365,-0.03748319
efflux_transporter,EC,NP_416160,947559,0.134328172
efflux_transporter,EC,NP_414996,945112,-0.075466742
efflux_transporter,EC,NP_417170,947166,-0.01279957
efflux_transporter,EC,NP_414995,945108,0.073221344
efflux_transporter,EC,NP_415363,945448,-0.024113009
efflux_transporter,EC,NP_417171,947167,-0.055531135
efflux_transporter,EC,NP_417732,947768,-0.060711158
efflux_transporter,EC,NP_418129,948180,0.002876431
efflux_transporter,EC,NP_418166,948219,-0.158348038
efflux_transporter,EC,NP_418757,948861,-0.02311879
efflux_transporter,EC,NP_416116,947333,0.06201301
efflux_transporter,EC,NP_416117,946139,0.265816965
efflux_transporter,EC,YP_025307,945883,0.133215488
efflux_transporter,EC,NP_416578,946604,-0.06660718
efflux_transporter,EC,NP_416579,946606,-0.052074597
efflux_transporter,EC,NP_416580,946608,0.030753492
efflux_transporter,EC,YP_026264,948317,0.019117539
efflux_transporter,EC,NP_417169,945282,0.074457207
electron_transfer,EC,NP_414583,947316,-0.159569162
electron_transfer,EC,NP_414840,948438,0.003969615
electron_transfer,EC,NP_416712,946813,0.040463552
electron_transfer,EC,NP_414841,944980,-0.04771713
electron_transfer,EC,NP_417159,947161,-0.015565933
electron_transfer,EC,NP_414842,945906,0.065085608
electron_transfer,EC,NP_416212,946482,-0.007495079
electron_transfer,EC,NP_416213,945688,-0.035795907
electron_transfer,EC,NP_414584,948939,0.04689624
electron_transfer,EC,NP_416149,947509,0.057085082
flagellar_motility,EC,NP_416447,946446,0.06700154
flagellar_motility,EC,NP_416448,946448,0.058760803
flagellar_motility,EC,NP_416454,946443,0.009659606
flagellar_motility,EC,NP_416457,946458,0.057990283
flagellar_motility,EC,NP_416458,946462,-0.033186682
flagellar_motility,EC,NP_416459,946463,0.102927747
flagellar_motility,EC,NP_416406,945442,-0.071469827
flagellar_motility,EC,NP_416405,947280,-0.094722549
flagellar_motility,EC,NP_415596,945647,-0.193991805
flagellar_motility,EC,NP_415591,945678,0.055655205
flagellar_motility,EC,NP_415592,946687,0.053733726
flagellar_motility,EC,NP_415595,945639,-0.063342855
flagellar_motility,EC,NP_416460,946464,0.125107693
flagellar_motility,EC,NP_416434,946428,0.021963268
flagellar_motility,EC,NP_416433,949101,-0.173058801
flagellar_motility,EC,NP_415593,945813,-0.244335041
flagellar_motility,EC,NP_415594,945636,-0.098805486
flagellar_motility,EC,NP_415601,945646,0.020066912
flagellar_motility,EC,NP_415600,945648,0.081883087
flagellar_motility,EC,NP_416453,946449,0.056573569
flagellar_motility,EC,NP_416449,946451,-0.056602268
flagellar_motility,EC,NP_416455,946442,0.037751287
flagellar_motility,EC,NP_416456,946423,0.025929196
flagellar_motility,EC,NP_416452,946454,-0.02987629
flagellar_motility,EC,NP_415597,946996,0.040239735
flagellar_motility,EC,NP_416435,946429,0.001983013
flagellar_motility,EC,NP_415599,947456,-0.110422852
flagellar_motility,EC,NP_415712,947609,-0.097398533
flagellar_motility,EC,NP_416394,946391,0.043510929
flagellar_motility,EC,NP_416451,946457,-0.088858528
flagellar_motility,EC,NP_416403,946402,0.042973758
flagellar_motility,EC,NP_416404,947564,0.125802848
flagellar_motility,EC,NP_416392,946094,-0.198836863
flagellar_motility,EC,NP_416824,946776,-0.064226866
flagellar_motility,EC,NP_415598,947534,-0.10630161
flagellar_motility,EC,NP_416393,946390,-0.080369697
flagellar_motility,EC,NP_416436,946433,-0.00055602
NADH_NADPH,EC,NP_417105,947092,-0.072903436
NADH_NADPH,EC,NP_416254,946946,-0.118281845
NADH_NADPH,EC,NP_415524,947263,0.062965065
NADH_NADPH,EC,NP_418632,948731,-0.08307493
NADH_NADPH,EC,NP_415457,945947,-0.184467828
NADH_NADPH,EC,NP_418286,948325,-0.070915404
NADH_NADPH,EC,NP_417748,947788,-0.06021272
NADH_NADPH,EC,YP_026280,948498,-0.011883792
NADH_NADPH,EC,NP_417191,947088,0.01464189
NADH_NADPH,EC,NP_416790,946738,0.107228442
NADH_NADPH,EC,NP_416788,946746,-0.150380724
NADH_NADPH,EC,NP_416787,946753,-0.268466546
NADH_NADPH,EC,NP_416786,946762,-0.118574058
NADH_NADPH,EC,NP_416784,946757,0.011352469
NADH_NADPH,EC,NP_416789,946759,-0.047028796
NADH_NADPH,EC,NP_416791,946764,0.012254647
NADH_NADPH,EC,NP_416785,946761,0.028759825
NADH_NADPH,EC,NP_416783,946756,0.013701712
NADH_NADPH,EC,NP_416782,947580,-0.112357875
NADH_NADPH,EC,NP_416781,945540,0.145074421
NADH_NADPH,EC,NP_416780,947731,0.294995183
NADH_NADPH,EC,NP_416779,945136,0.03000018
NADH_NADPH,EC,NP_415930,947569,-0.093937951
NADH_NADPH,EC,NP_416057,946085,-0.001827085
NADH_NADPH,EC,NP_417500,947512,-0.066046311
RNA_polymerase,EC,NP_414601,948523,-0.041503885
RNA_polymerase,EC,NP_417068,947050,-0.046633149
RNA_polymerase,EC,NP_418713,946839,-0.048480732
RNA_polymerase,EC,NP_417754,947794,-0.184806066
RNA_polymerase,EC,NP_418415,948487,-0.054258267
RNA_polymerase,EC,NP_418414,948488,-0.10432167
RNA_polymerase,EC,NP_418106,948160,-0.150947098
RNA_polymerase,EC,NP_416432,948824,-0.00801691
RNA_polymerase,EC,NP_417918,947970,-0.078268009
RNA_polymerase,EC,NP_417669,947714,-0.065290559
RNA_polymerase,EC,NP_417539,947567,0.018405745
RNA_polymerase,EC,NP_417221,947210,0.077782724
ABC_transporter,BS,NP_388885.1,936293,-0.407302823
ABC_transporter,BS,NP_388712.2,936175,0.482852918
ABC_transporter,BS,NP_390923.1,936641,1.161531196
ABC_transporter,BS,NP_390920.1,937245,1.100052577
ABC_transporter,BS,NP_391843.2,937596,-0.117114121
ABC_transporter,BS,NP_388886.1,939298,-0.457373839
ABC_transporter,BS,NP_390915.1,938178,-0.235390623
ABC_transporter,BS,NP_388713.1,939210,0.267696753
ABC_transporter,BS,NP_388714.1,939705,0.450742327
ABC_transporter,BS,NP_388592.1,936088,0.6414561
ABC_transporter,BS,NP_388593.1,938767,0.440579692
ABC_transporter,BS,NP_391842.2,937589,-0.186173754
ABC_transporter,BS,NP_391895.1,937743,1.048548772
ABC_transporter,BS,NP_390921.1,936438,1.059661544
ABC_transporter,BS,NP_390922.1,937243,1.145709916
cytochrome,BS,NP_389376.1,939909,-0.453948916
cytochrome,BS,NP_391695.1,937303,-0.399232126
cytochrome,BS,NP_391696.2,937295,-0.233642967
cytochrome,BS,NP_391694.1,937299,-0.473772308
cytochrome,BS,NP_391693.1,937285,-0.389540243
cytochrome,BS,NP_391755.1,937406,-0.96182853
cytochrome,BS,NP_391754.1,937412,-1.189206563
cytochrome,BS,NP_390398.1,937902,-0.167293466
cytochrome,BS,NP_391407.1,936703,-0.576539098
cytochrome,BS,NP_389373.2,936898,-0.431886302
cytochrome,BS,NP_389372.1,936789,-0.276396094
cytochrome,BS,NP_389374.1,935993,-0.459278375
cytochrome,BS,NP_389375.1,936259,-0.425437275
cytochrome,BS,NP_389676.1,937140,-0.150832442
cytochrome,BS,NP_390551.1,937623,-0.417548021
cytochrome,BS,NP_390594.1,937585,-0.308715096
cytochrome,BS,NP_389103.1,936452,0.116968115
cytochrome,BS,NP_390897.1,935928,0.973702804
cytochrome,BS,NP_389605.2,940046,-0.363673248
DNA_polymerase,BS,NP_390434.1,937833,-0.023468105
DNA_polymerase,BS,NP_390787.1,936617,-0.46631395
DNA_polymerase,BS,NP_389540.1,939620,-0.245998109
DNA_polymerase,BS,NP_390801.1,936593,-0.44552924
DNA_polymerase,BS,NP_387883.1,939970,-0.578608595
DNA_polymerase,BS,NP_387912.1,935949,0.061081131
DNA_polymerase,BS,NP_387900.2,936899,0.268547746
DNA_polymerase,BS,NP_389916.1,939437,-0.479213954
DNA_polymerase,BS,NP_390737.1,937426,-0.386862021
efflux_transporter,BS,NP_388852.1,936278,1.374731988
efflux_transporter,BS,NP_388853.1,939287,1.274584486
efflux_transporter,BS,NP_391650.1,937161,-0.056923471
efflux_transporter,BS,NP_388667.1,939689,-0.058287173
efflux_transporter,BS,NP_391362.1,936559,0.121216058
efflux_transporter,BS,NP_390536.1,937646,-0.094307795
efflux_transporter,BS,NP_391043.2,938862,0.215695499
electron_transfer,BS,NP_390730.1,936520,-0.107332425
electron_transfer,BS,NP_390731.1,937962,-0.228190262
flagellar_motility,BS,NP_391413.1,936720,0.520732651
flagellar_motility,BS,NP_391412.1,936718,0.559845136
flagellar_motility,BS,NP_389502.1,939470,-0.222380515
flagellar_motility,BS,NP_389512.1,937103,0.073617678
flagellar_motility,BS,NP_391521.1,936927,0.750265728
flagellar_motility,BS,NP_389503.1,936677,-0.226357938
flagellar_motility,BS,NP_389500.1,938149,-0.259367051
flagellar_motility,BS,NP_389501.1,938646,-0.153022886
flagellar_motility,BS,NP_389505.2,938124,-0.22877392
flagellar_motility,BS,NP_389510.1,936501,0.054520843
flagellar_motility,BS,NP_389511.2,936497,0.139712911
flagellar_motility,BS,NP_391414.1,936728,0.591499442
flagellar_motility,BS,NP_391520.2,936913,0.708207404
flagellar_motility,BS,NP_391421.1,936736,0.805031189
flagellar_motility,BS,NP_391420.1,936738,0.631224908
flagellar_motility,BS,NP_389509.2,937494,-0.012436139
flagellar_motility,BS,NP_389504.1,937577,-0.260297503
flagellar_motility,BS,NP_389513.1,939518,0.16708602
flagellar_motility,BS,NP_389514.1,936421,0.158138425
flagellar_motility,BS,YP_003097728.1,8303013,0.092924121
flagellar_motility,BS,NP_389516.1,936796,0.072231121
flagellar_motility,BS,NP_389507.1,940137,-0.462093157
flagellar_motility,BS,NP_389506.2,940136,-0.166890877
flagellar_motility,BS,NP_391416.1,936742,1.227455146
NADH_NADPH,BS,NP_391751.1,937408,-1.153142051
NADH_NADPH,BS,NP_388664.1,939189,0.20903417
NADH_NADPH,BS,NP_391586.1,937045,0.464250487
NADH_NADPH,BS,NP_390866.1,938071,-0.268218611
NADH_NADPH,BS,NP_389111.1,939832,0.602918777
NADH_NADPH,BS,NP_391234.1,936142,-0.046512793
NADH_NADPH,BS,NP_388783.1,939734,0.227744756
NADH_NADPH,BS,NP_391015.1,937164,-0.020081305
NADH_NADPH,BS,NP_391014.1,938844,0.05975898
NADH_NADPH,BS,NP_390267.2,938695,-0.135671684
NADH_NADPH,BS,NP_390800.1,937378,-0.521961779
NADH_NADPH,BS,NP_389258.1,939296,-1.072716029
NADH_NADPH,BS,NP_390243.1,938714,-0.632675673
NADH_NADPH,BS,NP_390263.1,938698,0.91219281
NADH_NADPH,BS,NP_390164.1,938989,0.147570802
NADH_NADPH,BS,NP_388268.1,938267,1.057928996
RNA_polymerase,BS,NP_388024.1,938921,0.635671449
RNA_polymerase,BS,NP_387988.2,936335,0.045780765
RNA_polymerase,BS,NP_387989.2,935977,0.035470753
RNA_polymerase,BS,NP_391597.1,937046,-0.066535881
RNA_polymerase,BS,NP_388833.1,936267,-0.231701682
RNA_polymerase,BS,NP_391749.1,937400,-0.405919281
RNA_polymerase,BS,NP_390590.1,937591,-0.264659914
RNA_polymerase,BS,NP_390561.1,937617,-0.056980031
RNA_polymerase,BS,NP_390191.2,938966,0.178482131
RNA_polymerase,BS,NP_388054.1,938868,0.84186141
RNA_polymerase,BS,NP_389356.1,935973,-0.0215284
RNA_polymerase,BS,NP_387982.1,936851,-0.440896026
RNA_polymerase,BS,NP_390399.2,937897,0.116966357
RNA_polymerase,BS,NP_389228.1,939363,-0.814164324
RNA_polymerase,BS,NP_389529.1,938482,0.489554991
RNA_polymerase,BS,NP_387979.1,936150,0.145944867
RNA_polymerase,BS,NP_388354.2,939937,-0.055848114
RNA_polymerase,BS,NP_391300.1,936362,-0.140628928
RNA_polymerase,BS,NP_390226.1,938729,-0.528350312
RNA_polymerase,BS,NP_389416.1,939953,0.303125347
RNA_polymerase,BS,NP_389415.2,939683,-0.083972026